{"cameraMode":{"drawMode":0,"name":"Shaded","section":"Shading Mode"},"sceneLighting":false,"audioPlay":false,"sceneViewState":{"m_AlwaysRefresh":false,"showFog":true,"showSkybox":false,"showFlares":true,"showImageEffects":true,"showParticleSystems":true,"showVisualEffectGraphs":true,"m_FxEnabled":true},"in2DMode":false,"pivot":{"x":1.3363840579986573,"y":1.0271824598312379,"z":11.949783325195313},"rotation":{"x":0.05557956546545029,"y":0.3855472505092621,"z":-0.023319123312830926,"w":0.9207412600517273},"size":2.8672313690185549,"orthographic":false}