{"cameraMode":{"drawMode":0,"name":"Shaded","section":"Shading Mode"},"sceneLighting":false,"audioPlay":false,"sceneViewState":{"m_AlwaysRefresh":false,"showFog":false,"showSkybox":false,"showFlares":false,"showImageEffects":false,"showParticleSystems":false,"showVisualEffectGraphs":true,"m_FxEnabled":true},"in2DMode":false,"pivot":{"x":-0.005067944526672363,"y":1.050424337387085,"z":0.06958839297294617},"rotation":{"x":-0.014535665512084961,"y":-0.9674151539802551,"z":0.24631233513355256,"w":-0.057301778346300128},"size":1.437505841255188,"orthographic":false}