{"cameraMode":{"drawMode":0,"name":"Shaded","section":"Shading Mode"},"sceneLighting":false,"audioPlay":false,"sceneViewState":{"m_AlwaysRefresh":false,"showFog":true,"showSkybox":false,"showFlares":true,"showImageEffects":true,"showParticleSystems":true,"showVisualEffectGraphs":true,"m_FxEnabled":true},"in2DMode":false,"pivot":{"x":0.43471264839172366,"y":0.14642488956451417,"z":0.33560723066329958},"rotation":{"x":-0.01942114345729351,"y":0.9715998768806458,"z":-0.21962614357471467,"w":-0.08591721951961518},"size":0.9247450232505798,"orthographic":false}