{"cameraMode":{"drawMode":0,"name":"Shaded","section":"Shading Mode"},"sceneLighting":false,"audioPlay":false,"sceneViewState":{"m_AlwaysRefresh":false,"showFog":true,"showSkybox":false,"showFlares":true,"showImageEffects":true,"showParticleSystems":true,"showVisualEffectGraphs":true,"m_FxEnabled":true},"in2DMode":false,"pivot":{"x":-0.005412161350250244,"y":1.64982008934021,"z":0.8120836019515991},"rotation":{"x":-0.16040141880512238,"y":0.1876019835472107,"z":-0.03101264499127865,"w":-0.9686165452003479},"size":1.0369040966033936,"orthographic":false}