{"cameraMode":{"drawMode":0,"name":"Shaded","section":"Shading Mode"},"sceneLighting":true,"audioPlay":false,"sceneViewState":{"m_AlwaysRefresh":false,"showFog":true,"showSkybox":true,"showFlares":true,"showImageEffects":true,"showParticleSystems":true,"showVisualEffectGraphs":true,"m_FxEnabled":true},"in2DMode":false,"pivot":{"x":-49.791656494140628,"y":24.229328155517579,"z":141.0382843017578},"rotation":{"x":0.14184053242206574,"y":-0.2543964684009552,"z":0.03774856775999069,"w":0.9558977484703064},"size":42.808807373046878,"orthographic":false}