{"cameraMode":{"drawMode":0,"name":"Shaded","section":"Shading Mode"},"sceneLighting":false,"audioPlay":false,"sceneViewState":{"m_AlwaysRefresh":false,"showFog":true,"showSkybox":false,"showFlares":true,"showImageEffects":true,"showParticleSystems":true,"showVisualEffectGraphs":true,"m_FxEnabled":true},"in2DMode":false,"pivot":{"x":6.391414642333984,"y":31.315250396728517,"z":-3.45050048828125},"rotation":{"x":-0.30019691586494448,"y":-0.054061729460954669,"z":0.017023740336298944,"w":-0.9522104859352112},"size":181.84901428222657,"orthographic":false}