{"cameraMode":{"drawMode":0,"name":"Shaded","section":"Shading Mode"},"sceneLighting":false,"audioPlay":false,"sceneViewState":{"m_AlwaysRefresh":false,"showFog":true,"showSkybox":false,"showFlares":true,"showImageEffects":true,"showParticleSystems":true,"showVisualEffectGraphs":true,"m_FxEnabled":true},"in2DMode":false,"pivot":{"x":52.060001373291019,"y":5.199999809265137,"z":109.0999984741211},"rotation":{"x":-0.01006328035145998,"y":0.8669451475143433,"z":-0.017397794872522355,"w":-0.49809861183166506},"size":0.8660253882408142,"orthographic":false}