{"cameraMode":{"drawMode":0,"name":"Shaded","section":"Shading Mode"},"sceneLighting":false,"audioPlay":false,"sceneViewState":{"m_AlwaysRefresh":false,"showFog":true,"showSkybox":false,"showFlares":true,"showImageEffects":true,"showParticleSystems":true,"showVisualEffectGraphs":true,"m_FxEnabled":true},"in2DMode":false,"pivot":{"x":0.0002499818801879883,"y":1.000249981880188,"z":0.0002499818801879883},"rotation":{"x":-0.24448168277740479,"y":0.21597324311733247,"z":-0.055956896394491199,"w":-0.9436414241790772},"size":1.4801239967346192,"orthographic":false}