{"cameraMode":{"drawMode":0,"name":"Shaded","section":"Shading Mode"},"sceneLighting":false,"audioPlay":false,"sceneViewState":{"m_AlwaysRefresh":false,"showFog":true,"showSkybox":false,"showFlares":true,"showImageEffects":true,"showParticleSystems":true,"showVisualEffectGraphs":true,"m_FxEnabled":true},"in2DMode":false,"pivot":{"x":0.006582289934158325,"y":0.9113625288009644,"z":-0.11699745059013367},"rotation":{"x":0.017610400915145875,"y":0.9792799353599548,"z":-0.09757129848003388,"w":0.1766662448644638},"size":1.3771064281463624,"orthographic":false}